INSERT INTO machines (id, name, manufacturer, model, status_id, location_id) VALUES
(11, 'バックホー', 'コマツ', 'PC200', 1, 2),
(12, 'ブルドーザー', 'キャタピラー', 'D6', 2, 1),
(13, 'クレーン２', 'タダノ', 'GR-1000N', 1, 2),
(14, 'ショベル', '日立建機', 'ZX200', 2, 2),
(15, 'ロードローラー', '酒井重工業', 'SV521D', 3, 3),
(16, 'フォークリフト', 'トヨタ', '8FGCU25', 1, 3),
(17, '高所作業車', 'アイチコーポレーション', 'SH15A', 2, 4),
(18, 'ホイールローダー', 'ヤンマー', 'V4-7', 1, 4),
(30, 'ホイールローダー', 'コマツ', 'PC400', 2, 3),
(31, 'テスト', 'テスト', 'テスト', 1, 4),
(32, 'ミニショベル', 'コベルコ建機', 'SK75', 1, 2),
(33, 'クローラクレーン', '住友建機', 'SCX700A', 2, 1),
(34, 'トラックミキサー', 'いすゞ', 'GIGA', 3, 3),
(35, 'アスファルトフィニッシャ', 'ボーマグ', 'BF300', 1, 4),
(36, 'パワーショベル', 'コマツ', 'PC78US', 2, 2),
(37, '油圧ショベル', '日立建機', 'ZX130', 3, 1),
(38, 'タイヤローラー', '酒井重工業', 'SW652', 1, 3),
(39, '空港用牽引車', 'トヨタ', 'HD8', 2, 4),
(40, 'クローラー運搬車', 'クボタ', 'KC70', 1, 2),
(45, 'トンネル掘削機', '三菱重工', 'TBM2000', 1, 5),
(46, 'ホイールローダー', 'キャタピラー', '950M', 2, 5),
(47, 'パワーショベル', 'コマツ', 'PC88MR-10', 3, 5),
(48, 'ブルドーザー', 'コマツ', 'D65EX-18', 1, 5),
(49, 'バックホー', '日立建機', 'ZX350LC-6', 2, 5),
(50, 'クレーン', 'タダノ', 'GR-1000XL', 3, 4),
(51, '高所作業車', 'アイチコーポレーション', 'SH15B', 1, 3),
(52, 'フォークリフト', 'トヨタ', '7FB25', 2, 1),
(53, 'ローラー', 'ヤンマー', 'V2-5', 3, 4),
(54, 'ホイールローダー', '住友建機', 'SW601', 1, 2),
(55, 'コンプレッサー', '日立建機', 'HL1500', 2, 3),
(56, 'ミニショベル', 'コベルコ建機', 'SK55SR', 3, 1),
(57, 'クローラークレーン', '住友建機', 'SCX500A', 1, 4),
(58, 'トラックミキサー', 'いすゞ', 'GIGA-M', 2, 2),
(59, 'アスファルトフィニッシャ', 'ボーマグ', 'BF300T', 3, 3),
(60, 'パワーショベル', 'コマツ', 'PC200-8', 1, 1),
(61, '油圧ショベル', '日立建機', 'ZX200-5', 2, 4),
(62, 'タイヤローラー', '酒井重工業', 'SW650', 3, 2),
(63, '空港用牽引車', 'トヨタ', 'HD7', 1, 3),
(64, 'クローラー運搬車', 'クボタ', 'KC80', 2, 1),
(68, 'テスト', 'テスト', 'テスト', 1, 5);

INSERT INTO locations (id, name, address) VALUES
(1, '大阪営業所', '大阪府大阪市北区梅田2丁目'),
(2, '京都営業所', '京都府京都市中京区三条通'),
(3, '神戸営業所', '兵庫県神戸市中央区三宮町'),
(4, '堺営業所', '大阪府堺市堺区戎島町4丁目'),
(5, '滋賀営業所', '滋賀県大津市打出浜1丁目');

INSERT INTO machine_statuses (id, status) VALUES
(1, '貸出可能'),
(2, 'レンタル中'),
(3, 'メンテナンス中');
